-- phpMyAdmin SQL Dump
-- version 4.5.1
-- http://www.phpmyadmin.net
--
-- Host: 127.0.0.1
-- Generation Time: 21 Mei 2023 pada 21.42
-- Versi Server: 10.1.10-MariaDB
-- PHP Version: 5.6.15

SET SQL_MODE = "NO_AUTO_VALUE_ON_ZERO";
SET time_zone = "+00:00";


/*!40101 SET @OLD_CHARACTER_SET_CLIENT=@@CHARACTER_SET_CLIENT */;
/*!40101 SET @OLD_CHARACTER_SET_RESULTS=@@CHARACTER_SET_RESULTS */;
/*!40101 SET @OLD_COLLATION_CONNECTION=@@COLLATION_CONNECTION */;
/*!40101 SET NAMES utf8mb4 */;

--
-- Database: `fifo`
--

-- --------------------------------------------------------

--
-- Struktur dari tabel `barang`
--

CREATE TABLE `barang` (
  `kobar` varchar(50) NOT NULL,
  `nama_barang` varchar(100) NOT NULL,
  `jenis` varchar(30) NOT NULL,
  `rak` varchar(20) NOT NULL
) ENGINE=InnoDB DEFAULT CHARSET=latin1;

--
-- Dumping data untuk tabel `barang`
--

INSERT INTO `barang` (`kobar`, `nama_barang`, `jenis`, `rak`) VALUES
('(90)NA18190705136(91)220223', 'Lux Cair 250ml', 'NON ATK', '1A'),
('0220103482932', 'Sabun Cuci Piring', 'NON ATK', '1A'),
('14902870762138', 'Staples 10', 'ATK', '1B'),
('14902870762176', 'Staples 3', 'ATK', '1B'),
('14902870775701', 'Induk Hekter', 'ATK', '1B'),
('18901057510025', 'Staples Kangaro', 'ATK', '1B'),
('18901057523131', 'Steples Kangoro 23/13', 'ATK', '1B'),
('18992238522074', 'Map Bantex A4', 'ATK', '1B'),
('18998866608586', 'Deterjent Boom ', 'NON ATK', '1A'),
('2005083051053', 'JP Pump Parts', 'NON ATK', '1B'),
('28486534', 'Kertas Faq', 'ATK', '1B'),
('3014260316297', 'Silet Astra', 'NON ATK', '1B'),
('3303430300250', 'Auto Breaker 20A', 'NON ATK', '1B'),
('3303430300496', 'Auto Breaker 100A', 'NON ATK', '1B'),
('3572460010006', 'kapas', 'NON ATK', '1A'),
('4012801078153', 'Klahar', 'NON ATK', '1B'),
('4895180761867', 'handsfree', 'NON ATK', '2B'),
('48991389138715', 'Kertas F4', 'ATK', '1B'),
('4902430563864', 'Shampoo Pantene', 'NON ATK', '1A'),
('4902870729233', 'Induk Hekter Besar', 'ATK', '1B'),
('4970129726012', 'Spidol Hitam Permanen', 'ATK', '1B'),
('4970129727019', 'Spidol HItam Non Permanen', 'ATK', '1B'),
('4970129760016', 'Pena Snowman', 'ATK', '1B'),
('59443124', 'Kertas Print', 'ATK', '1A'),
('6935840913460', 'Pena Meja', 'ATK', '1B'),
('6945082403261', 'Lampu Hanock Emergancy', 'NON ATK', '1B'),
('8710163308852', 'Lampu Philips 11 Wat', 'NON ATK', '1B'),
('8710163308883', 'Lampu Philips 15 Wat', 'NON ATK', '1B'),
('8718696599983', 'Lampu Philps 16 Wat Led', 'NON ATK', '1B'),
('8718699640538', 'Lampu Philips 19 Wat LED', 'NON ATK', '1B'),
('8718699678111', 'Lampu Philips 10 Wat', 'NON ATK', '1B'),
('8885007020327', 'Tinta Epson Biru 673', 'ATK', '1B'),
('8885007020334', 'Tinta Epson Merah 673', 'ATK', '1B'),
('8885007020341', 'Tinta Epson Kuning 673', 'ATK', '1B'),
('8885007020358', 'Tinta Epson LC 673', 'ATK', '1B'),
('8885007020365', 'Tinta Epson LM 673', 'ATK', '1B'),
('8885007024080', 'Tinta Epson Hitam 664', 'ATK', '1B'),
('8885007024097', 'Tinta Epson Biru 664', 'ATK', '1B'),
('8885007024103', 'Tinta Epson Merah 664', 'ATK', '1B'),
('8885007024110', 'Tinta Epson Kuning', 'ATK', '1B'),
('8885007028422', 'Tinta Epson Hitan 003', 'ATK', '1B'),
('8885007028446', 'Tinta Epson Biru 003', 'ATK', '1B'),
('8885007028460', 'Tinta Epson Merah 003', 'ATK', '1B'),
('8885007028484', 'Tinta Epson Kuning 003', 'ATK', '1B'),
('8886022941512', 'Batrei Alkalin A3', 'ATK', '1B'),
('8886022991517', 'baterai remote abc', 'NON ATK', '2B'),
('8887549059636', 'Batrei Petak', 'ATK', '1B'),
('8888021700077', 'Batrai Energizer A23', 'ATK', '1B'),
('8948575673927', 'Pena HItam X Data', 'ATK', '1B'),
('8991389241585', 'Buku Folio', 'ATK', '1B'),
('8991389241592', 'Buku Kwarto', 'ATK', '1B'),
('8991389247013', 'Amplop Panjangg', 'ATK', '1A'),
('8991389248034', 'Nota Kontan 2 Rangkap', 'ATK', '1B'),
('8991948403423', 'Plastik Laminating', 'ATK', '1B'),
('8992745230267', 'Proclin 1 Liter', 'NON ATK', '1A'),
('8992745730217', 'Biosol 700ml', 'NON ATK', '1A'),
('8992946521836', 'sabun shinzui', 'NON ATK', '1A'),
('8993053187960', 'Kertas A4', 'ATK', '1B'),
('8993417229718', 'Sleek Baby', 'NON ATK', '1A'),
('8993988060062', 'Cutter', 'ATK', '1B'),
('8993988065050', 'Binder Clips 107', 'ATK', '1B'),
('8993988065098', 'Binder Clips 155', 'ATK', '1B'),
('8993988065111', 'Binder Clips 200', 'ATK', '1B'),
('8993988065128', 'Binder Clips 260', 'ATK', '1B'),
('8993988065258', 'Trigonal Clips 1', 'ATK', '1B'),
('8993988111078', 'Lem Kertas Cair Kecil', 'ATK', '1B'),
('8993988150077', 'Penanda Warna', 'ATK', '1B'),
('8993988286028', 'Pensil 2B', 'ATK', '1B'),
('8993988355601', 'Tinta Stampel Bantal', 'ATK', '1B'),
('8994160002191', 'Label Panda 109', 'ATK', '1B'),
('8994259210780', 'Spring File', 'ATK', '1B'),
('8994259214061', 'Clear Holder isi 40', 'ATK', '1B'),
('8994259910123', 'Sheet Protector', 'ATK', '1B'),
('8994292112843', 'Gunting Kecil', 'ATK', '1B'),
('8994742551109', 'Letter File Besar', 'ATK', '1B'),
('8995106307691', 'Lakban 2 Inci', 'NON ATK', '1A'),
('8995757011343', 'Buku Ekspedisi', 'ATK', '1B'),
('8996001600269', 'Buku', 'ATK', '1B'),
('8997019301070', 'Letter File Kecil', 'ATK', '1B'),
('8997031730025', 'Kertas Foto Biasa', 'ATK', '1B'),
('8997031730094', 'Kertas Foto Sticker', 'ATK', '1B'),
('8997221490142', 'Map Biola', 'ATK', '1B'),
('8997222910021', 'Lem Kertas Cair XLime', 'ATK', '1B'),
('8998000501424', 'Pena Merah', 'ATK', '1B'),
('8998838061022', 'Isi Cutter', 'ATK', '1B'),
('8998838080269', 'Stamp Pad', 'ATK', '1B'),
('8998899013077', 'Bayclin', 'NON ATK', '1A'),
('8999002524916', 'Batrei Alkalin A2', 'ATK', '1B'),
('8999002671573', 'Batrei Eveready A2', 'ATK', '1B'),
('8999002671726', 'Batrei Eveready A3', 'ATK', '1B'),
('9557704328035', 'Kunci Bulat', 'NON ATK', '1B'),
('9994422995864', 'Silet Am safe Blue', 'NON ATK', '1B'),
('B1111', 'Buku Hijau', 'ATK', '1A'),
('B1112', 'Buku Biru', 'ATK', '1A'),
('P1010232301', 'Urea NPK', 'PUPUK PADAT', '3A'),
('P1010232302', 'Urea Tunggal', 'PUPUK PADAT', '3A'),
('P1010992301', 'SP-36 (Superphosphate)', 'PUPUK PADAT', '3A'),
('P1019122351', 'Kieserite', 'PUPUK PADAT', '3A'),
('P1019992301', 'Dolomit', 'PUPUK PADAT', '3A'),
('P1023122301', 'NPK 15:15:15', 'PUPUK PADAT', '3A'),
('P1023122302', 'NPK 16:16:16', 'PUPUK PADAT', '3A'),
('P1023122303', 'NPK 12:12:17', 'PUPUK PADAT', '3A'),
('P1023122304', 'NPK 8:8:25', 'PUPUK PADAT', '3A'),
('P1023122305', 'NPK 12:12:12', 'PUPUK PADAT', '3A'),
('P1023122306', 'NPK 14:14:14', 'PUPUK PADAT', '3A'),
('P1023122307', 'NPK 20:10:10', 'PUPUK PADAT', '3A'),
('P1023122308', 'NPK 12:7:18', 'PUPUK PADAT', '3A'),
('P1023122309', 'NPK 12:10:18', 'PUPUK PADAT', '3A'),
('PC2000123399', 'ZA (Zwavelzure Ammonium)', 'PUPUK CAIR', '3B'),
('PC2020123401', 'NPK 15:15:15 Larutan', 'PUPUK CAIR', '3B'),
('PC2020123402', 'NPK 16:16:16 Larutan', 'PUPUK CAIR', '3B'),
('PC2020123403', 'NPK 12:12:17 Larutan', 'PUPUK CAIR', '3B'),
('PC2020123404', 'NPK 8:8:25 Larutan', 'PUPUK CAIR', '3B');

-- --------------------------------------------------------

--
-- Struktur dari tabel `barang_keluar`
--

CREATE TABLE `barang_keluar` (
  `id_keluar` varchar(11) NOT NULL,
  `tgl_keluar` timestamp NOT NULL DEFAULT CURRENT_TIMESTAMP
) ENGINE=InnoDB DEFAULT CHARSET=latin1;

--
-- Dumping data untuk tabel `barang_keluar`
--

INSERT INTO `barang_keluar` (`id_keluar`, `tgl_keluar`) VALUES
('BK200425002', '2020-04-24 20:22:12'),
('BK200425003', '2020-04-25 07:49:29'),
('BK200425004', '2020-04-25 07:50:09'),
('BK200501001', '2020-05-01 10:25:21'),
('BK200519001', '2020-05-18 20:07:08'),
('BK200519002', '2020-05-18 20:09:27'),
('BK200623001', '2020-06-23 14:44:36'),
('BK200810001', '2020-08-10 07:50:29'),
('BK200810002', '2020-08-10 08:11:18'),
('BK200816001', '2020-08-15 18:53:30'),
('BK200823001', '2020-08-22 17:37:29'),
('BK200829001', '2020-08-28 18:40:51'),
('BK200829002', '2020-08-28 20:35:37'),
('BK200829003', '2020-08-28 21:18:44'),
('BK200829004', '2020-08-28 21:18:58'),
('BK200829005', '2020-08-28 21:59:18'),
('BK200829006', '2020-08-28 21:59:31'),
('BK200829007', '2020-08-28 22:00:07'),
('BK200829008', '2020-08-28 22:12:25'),
('BK200829009', '2020-08-28 22:22:18'),
('BK200829010', '2020-08-28 22:36:47'),
('BK200829011', '2020-08-28 22:43:04'),
('BK200829012', '2020-08-28 22:43:23'),
('BK200829013', '2020-08-28 22:53:11'),
('BK200829014', '2020-08-28 22:53:20'),
('BK200829015', '2020-08-28 23:00:13'),
('BK200829016', '2020-08-28 23:17:07'),
('BK200829017', '2020-08-29 08:19:52'),
('BK200829018', '2020-08-29 08:39:49'),
('BK200830001', '2020-08-29 17:15:05'),
('BK200831002', '2020-08-30 18:08:14'),
('BK200831003', '2020-08-30 19:14:43'),
('BK200911001', '2020-09-11 08:17:48'),
('BK200913001', '2020-09-12 17:41:24'),
('BK200930001', '2020-09-30 01:07:04'),
('BK201001003', '2020-09-30 17:47:32'),
('BK201001004', '2020-09-30 18:22:29'),
('BK201002001', '2020-10-01 18:42:30'),
('BK201002002', '2020-10-01 19:03:43'),
('BK201004001', '2020-10-03 17:23:00'),
('BK201004002', '2020-10-03 18:29:57'),
('BK201012002', '2020-10-11 17:48:28'),
('BK201017001', '2020-10-16 20:38:39'),
('BK201017002', '2020-10-16 20:58:53'),
('BK201017003', '2020-10-16 21:00:18'),
('BK201017004', '2020-10-16 21:01:08'),
('BK201017005', '2020-10-16 21:02:56'),
('BK201103001', '2020-11-03 03:24:06'),
('BK201212001', '2020-12-12 16:48:16'),
('BK201228001', '2020-12-28 09:49:34'),
('BK201228002', '2020-12-28 09:54:48'),
('BK201228003', '2020-12-28 10:39:18'),
('BK230216001', '2023-02-15 19:22:51'),
('BK230216002', '2023-02-16 14:19:51'),
('BK230216003', '2023-02-16 14:31:47'),
('BK230216004', '2023-02-16 14:52:05'),
('BK230216005', '2023-02-16 15:36:44'),
('BK230216006', '2023-02-16 15:49:10'),
('BK230217001', '2023-02-17 13:28:49'),
('BK230219001', '2023-02-18 17:04:04'),
('BK230312001', '2023-03-11 21:53:15'),
('BK230326001', '2023-03-26 00:33:18'),
('BK230329002', '2023-03-29 14:09:38');

-- --------------------------------------------------------

--
-- Struktur dari tabel `barang_masuk`
--

CREATE TABLE `barang_masuk` (
  `id_masuk` varchar(11) NOT NULL,
  `tgl_masuk` timestamp NOT NULL DEFAULT CURRENT_TIMESTAMP ON UPDATE CURRENT_TIMESTAMP
) ENGINE=InnoDB DEFAULT CHARSET=latin1;

--
-- Dumping data untuk tabel `barang_masuk`
--

INSERT INTO `barang_masuk` (`id_masuk`, `tgl_masuk`) VALUES
('BM200425001', '2020-04-24 20:15:38'),
('BM200425002', '2020-04-24 20:21:43'),
('BM200425003', '2020-04-25 07:47:43'),
('BM200425004', '2020-04-25 07:48:52'),
('BM200501001', '2020-05-01 10:22:33'),
('BM200501002', '2020-05-16 20:13:24'),
('BM200517001', '2020-05-16 20:09:06'),
('BM200518001', '2020-05-18 10:40:30'),
('BM200519001', '2020-05-18 18:09:52'),
('BM200519002', '2020-05-18 18:55:34'),
('BM200519003', '2020-05-18 19:12:11'),
('BM200519004', '2020-05-18 19:17:32'),
('BM200519005', '2020-05-18 19:31:28'),
('BM200519006', '2020-05-18 19:47:24'),
('BM200519007', '2020-05-18 19:50:09'),
('BM200623001', '2020-06-23 14:41:33'),
('BM200810001', '2020-08-10 07:23:22'),
('BM200810002', '2020-08-10 08:10:22'),
('BM200811001', '2020-08-10 19:26:10'),
('BM200811002', '2020-08-10 19:59:59'),
('BM200811003', '2020-08-10 20:04:01'),
('BM200823001', '2020-08-22 17:36:55'),
('BM200823002', '2020-08-22 17:40:03'),
('BM201017001', '2020-10-16 18:23:12'),
('BM201017002', '2020-10-16 18:33:58'),
('BM201017003', '2020-10-16 18:40:28'),
('BM201017004', '2020-10-16 19:27:30'),
('BM201017005', '2020-10-16 19:33:44'),
('BM201017006', '2020-10-16 19:41:50'),
('BM201017007', '2020-10-16 19:55:54'),
('BM201017008', '2020-10-16 20:14:55'),
('BM201017009', '2020-10-16 20:17:10'),
('BM201017010', '2020-10-16 20:30:10'),
('BM201017011', '2020-10-16 21:14:29'),
('BM201017012', '2020-10-16 21:15:00'),
('BM201019001', '2020-10-19 16:42:52'),
('BM201103001', '2020-11-03 03:46:23'),
('BM201212001', '2020-12-12 16:38:28'),
('BM201212002', '2020-12-13 16:40:12'),
('BM201213001', '2020-12-12 17:51:22'),
('BM201213002', '2020-12-12 17:52:13'),
('BM201213003', '2020-12-12 17:52:57'),
('BM201213004', '2020-12-12 17:55:09'),
('BM201213005', '2020-12-12 17:56:54'),
('BM201213006', '2020-12-12 17:57:36'),
('BM201213007', '2020-12-12 18:01:34'),
('BM201213008', '2020-12-12 18:02:45'),
('BM201213009', '2020-12-12 18:03:43'),
('BM201213010', '2020-12-12 18:33:56'),
('BM201213013', '2020-12-13 16:40:53'),
('BM201213014', '2020-12-13 16:43:58'),
('BM201213015', '2020-12-11 16:44:42'),
('BM201228001', '2020-12-27 17:08:42'),
('BM201228002', '2020-12-27 17:10:50'),
('BM201228005', '2020-12-28 09:46:53'),
('BM201228006', '2020-12-28 09:53:18'),
('BM201228007', '2020-12-28 10:36:43'),
('BM230217001', '2023-02-17 12:58:27'),
('BM230325001', '2023-03-25 16:00:36'),
('BM230326001', '2023-03-25 23:47:03'),
('BM230326002', '2023-03-25 23:54:16'),
('BM230326003', '2023-03-25 23:58:08'),
('BM230326004', '2023-03-26 00:02:17'),
('BM230326005', '2023-03-26 00:06:26'),
('BM230326006', '2023-03-26 00:09:23'),
('BM230326007', '2023-03-26 00:12:12'),
('BM230326008', '2023-03-26 00:16:00'),
('BM230326009', '2023-03-26 00:19:45'),
('BM230326010', '2023-03-26 00:21:52'),
('BM230326011', '2023-03-26 00:24:04'),
('BM230326012', '2023-03-26 00:26:30'),
('BM230326013', '2023-03-26 00:29:11'),
('BM230326014', '2023-03-26 00:30:05'),
('BM230326015', '2023-03-26 00:31:15'),
('BM230329001', '2023-03-29 14:01:33');

-- --------------------------------------------------------

--
-- Struktur dari tabel `detail_barang_keluar`
--

CREATE TABLE `detail_barang_keluar` (
  `id_keluar` varchar(11) NOT NULL,
  `kobar` varchar(50) NOT NULL,
  `qty` int(3) NOT NULL,
  `id_masuk` varchar(11) NOT NULL,
  `status` int(11) NOT NULL DEFAULT '0',
  `nama` varchar(100) NOT NULL,
  `ruangan` varchar(100) NOT NULL
) ENGINE=InnoDB DEFAULT CHARSET=latin1;

--
-- Dumping data untuk tabel `detail_barang_keluar`
--

INSERT INTO `detail_barang_keluar` (`id_keluar`, `kobar`, `qty`, `id_masuk`, `status`, `nama`, `ruangan`) VALUES
('BK200425002', '4902430563864', 2, 'BM200425001', 1, '', ''),
('BK200425002', '4902430563864', 3, 'BM200425002', 1, '', ''),
('BK200425003', '8992946521836', 6, 'BM200425003', 1, '', ''),
('BK200425004', '8992946521836', 4, 'BM200425003', 1, '', ''),
('BK200425004', '8992946521836', 4, 'BM200425004', 1, '', ''),
('BK200501001', '8992946521836', 3, 'BM200501001', 1, '', ''),
('BK200501001', '4902430563864', 2, 'BM200425002', 1, '', ''),
('BK200519001', '4902430563864', 1, 'BM200425002', 1, '', ''),
('BK200519001', '4902430563864', 5, 'BM200501002', 1, '', ''),
('BK200519001', '4902430563864', 5, 'BM200519001', 1, '', ''),
('BK200519001', '4902430563864', 20, 'BM200519002', 1, '', ''),
('BK200519001', '4902430563864', 1, 'BM200519005', 1, '', ''),
('BK200519001', '4902430563864', 4, 'BM200519005', 1, '', ''),
('BK200519001', '4902430563864', 6, 'BM200519007', 1, '', ''),
('BK200519001', '18901057510025', 4, 'BM200517001', 1, '', ''),
('BK200519002', '18901057510025', 4, 'BM200517001', 1, '', ''),
('BK200623001', '8996001600269', 7, 'BM200623001', 1, '', ''),
('BK200810001', '8996001600269', 5, 'BM200623001', 1, '', ''),
('BK200810001', '3572460010006', 5, 'BM200810001', 1, '', ''),
('BK200810001', '3572460010006', 10, 'BM200810001', 1, '', ''),
('BK200810002', '3572460010006', 10, 'BM200810002', 1, '', ''),
('BK200816001', '18901057510025', 1, 'BM200517001', 1, '', ''),
('BK200816001', '18901057510025', 1, 'BM200517001', 1, '', ''),
('BK200816001', '18901057510025', 1, 'BM200517001', 1, '', ''),
('BK200823001', '8886022991517', 15, 'BM200823001', 1, '', ''),
('BK200829001', '4902430563864', 1, 'BM200823002', 1, '', ''),
('BK200829002', '4902430563864', 1, 'BM200823002', 1, '', ''),
('BK200829003', '4902430563864', 1, 'BM200823002', 1, '', ''),
('BK200829004', '8992946521836', 1, 'BM200501001', 1, '', ''),
('BK200829005', '4902430563864', 1, 'BM200823002', 1, '', ''),
('BK200829006', '8886022991517', 1, 'BM200823001', 1, '', ''),
('BK200829007', '8886022991517', 1, 'BM200823001', 1, '', ''),
('BK200829007', '8992946521836', 1, 'BM200518001', 1, '', ''),
('BK200829007', '8992946521836', 1, 'BM200518001', 1, '', ''),
('BK200829007', '8996001600269', 1, 'BM200623001', 1, '', ''),
('BK200829008', '8886022991517', 1, 'BM200823001', 1, '', ''),
('BK200829008', '8992946521836', 1, 'BM200518001', 1, '', ''),
('BK200829008', '8996001600269', 1, 'BM200623001', 1, '', ''),
('BK200829009', '8886022991517', 1, 'BM200823001', 1, '', ''),
('BK200829009', '8886022991517', 2, 'BM200823001', 1, '', ''),
('BK200829009', '8996001600269', 1, 'BM200623001', 1, '', ''),
('BK200829009', '18901057510025', 1, 'BM200519003', 1, '', ''),
('BK200829009', '8992946521836', 1, 'BM200518001', 1, '', ''),
('BK200829010', '4902430563864', 1, 'BM200823002', 1, '', ''),
('BK200829010', '8992946521836', 1, 'BM200518001', 1, '', ''),
('BK200829010', '8996001600269', 1, 'BM200623001', 1, '', ''),
('BK200829010', '8992946521836', 1, 'BM200518001', 1, '', ''),
('BK200829010', '8886022991517', 1, 'BM200823001', 1, '', ''),
('BK200829011', '8886022991517', 1, 'BM200823001', 1, '', ''),
('BK200829012', '8886022991517', 1, 'BM200823001', 1, '', ''),
('BK200829012', '8996001600269', 1, 'BM200623001', 1, '', ''),
('BK200829013', '8886022991517', 1, 'BM200823001', 1, '', ''),
('BK200829014', '8886022991517', 1, 'BM200823001', 1, '', ''),
('BK200829015', '8886022991517', 1, 'BM200823001', 1, '', ''),
('BK200829016', '8886022991517', 1, 'BM200823001', 1, '', ''),
('BK200829016', '8992946521836', 1, 'BM200518001', 1, '', ''),
('BK200829016', '8992946521836', 1, 'BM200518001', 1, '', ''),
('BK200829016', '18901057510025', 1, 'BM200519003', 1, '', ''),
('BK200829017', '8886022991517', 1, 'BM200823001', 1, '', ''),
('BK200829018', '8886022991517', 1, 'BM200823001', 1, '', ''),
('BK200829018', '8992946521836', 1, 'BM200518001', 1, '', ''),
('BK200830001', '8886022991517', 1, 'BM200823001', 1, '', ''),
('BK200831002', '8992946521836', 1, 'BM200518001', 1, '', ''),
('BK200831002', '8996001600269', 1, 'BM200623001', 1, '', ''),
('BK200831003', '8992946521836', 1, 'BM200518001', 1, '', ''),
('BK200831003', '18901057510025', 1, 'BM200519003', 1, '', ''),
('BK200911001', '8886022991517', 3, 'BM200823001', 1, '', ''),
('BK200913001', '8886022991517', 1, 'BM200823001', 1, '', ''),
('BK200930001', '8886022991517', 2, 'BM200823001', 1, '', ''),
('BK200930001', '8992946521836', 3, 'BM200518001', 1, '', ''),
('BK200930001', '18901057510025', 1, 'BM200519003', 1, '', ''),
('BK200930001', '18901057510025', 4, 'BM200519004', 1, '', ''),
('BK201001003', '8886022991517', 1, 'BM200823001', 1, 'zumar', 'casemix'),
('BK201001004', '8992946521836', 1, 'BM200518001', 1, 'fauzul', 'perlengkapan'),
('BK201001004', '8996001600269', 1, 'BM200623001', 1, 'fauzul', 'perlengkapan'),
('BK201002001', '8886022991517', 1, 'BM200823001', 1, 'zumar', 'casemix'),
('BK201002001', '8992946521836', 1, 'BM200518001', 1, 'zumar', 'casemix'),
('BK201002002', '8886022991517', 1, 'BM200823001', 1, 'zumar', 'casemix'),
('BK201002002', '8992946521836', 1, 'BM200518001', 1, 'zumar', 'casemix'),
('BK201004001', '8886022991517', 1, 'BM200823001', 1, 'fauzul', 'perlengkapan'),
('BK201004001', '8992946521836', 1, 'BM200518001', 1, 'Fauzul', 'perlengkapan'),
('BK201004001', '8992946521836', 1, 'BM200518001', 1, 'Fauzul', 'perlengkapan'),
('BK201004002', '8886022991517', 1, 'BM200823001', 1, 'FAUZUL ASMAR', 'PERLENGKAPAN'),
('BK201012002', '8886022991517', 1, 'BM200823001', 1, 'ZUMAR', 'CASEMIX'),
('BK201012002', '8992946521836', 1, 'BM200518001', 1, 'ZUMAR', 'CASEMIX'),
('BK201017001', '18901057510025', 1, 'BM200519004', 1, 'FAUZUL', 'PERLENGKAPAN'),
('BK201017001', '18901057510025', 10, 'BM200519006', 1, 'FAUZUL', 'PERLENGKAPAN'),
('BK201017001', '18901057510025', 2, 'BM200519007', 1, 'FAUZUL', 'PERLENGKAPAN'),
('BK201017001', '3572460010006', 5, 'BM201017003', 1, 'FAUZUL', 'PERLENGKAPAN'),
('BK201017001', '3572460010006', 6, 'BM201017005', 1, 'FAUZUL', 'PERLENGKAPAN'),
('BK201017001', '3572460010006', 3, 'BM201017006', 1, 'FAUZUL', 'PERLENGKAPAN'),
('BK201017001', '3572460010006', 2, 'BM201017008', 1, 'FAUZUL', 'PERLENGKAPAN'),
('BK201017001', '3572460010006', 2, 'BM201017009', 1, 'FAUZUL', 'PERLENGKAPAN'),
('BK201017002', '8996001600269', 1, 'BM201017002', 1, 'ASMAR', 'PERLENGKAPAN'),
('BK201017002', '8996001600269', 15, 'BM201017002', 1, 'ASMAR', 'PERLENGKAPAN'),
('BK201017003', '8996001600269', 20, 'BM201017002', 1, 'QWER', 'SOSO'),
('BK201017004', '8992946521836', 1, 'BM200518001', 1, 'ASMAR', 'PERLENGKAPAN'),
('BK201017005', '3572460010006', 2, 'BM201017009', 1, 'ASMAR', 'AS'),
('BK201103001', '8886022991517', 7, 'BM200823001', 1, 'MARSONO', 'PERLENGKAPAN'),
('BK201103001', '8886022991517', 5, 'BM201017001', 1, 'MARSONO', 'PERLENGKAPAN'),
('BK201212001', '4970129760016', 2, 'BM201212001', 1, 'ZUMAR RIYATI', 'CASEMIX'),
('BK201212001', '4970129760016', 1, 'BM201212002', 1, 'ZUMAR RIYATI', 'CASEMIX'),
('BK201228001', '4895180761867', 5, 'BM201228005', 1, 'FAUZUL', 'CASEMIX'),
('BK201228002', '4895180761867', 7, 'BM201228005', 1, 'FAUZUL', 'CASEMIX'),
('BK201228002', '4895180761867', 3, 'BM201228006', 1, 'FAUZUL', 'CASEMIX'),
('BK201228003', 'B1112', 5, 'BM201213015', 1, 'FAUZUL', 'ASMAR'),
('BK201228003', 'B1112', 7, 'BM201213013', 1, 'FAUZUL', 'ASMAR'),
('BK201228003', 'B1112', 3, 'BM201213014', 1, 'FAUZUL', 'ASMAR'),
('BK230216001', '0220103482932', 5, 'BM201228003', 1, '', ''),
('BK230216002', 'B1112', 1, 'BM201213014', 1, '', ''),
('BK230216002', '4902430563864', 1, 'BM201017004', 1, '', ''),
('BK230216003', '18901057510025', 1, 'BM200519007', 1, '', ''),
('BK230216003', '0220103482932', 1, 'BM201228003', 1, '', ''),
('BK230216004', '14902870762176', 1, 'BM201228003', 1, '', ''),
('BK230216005', 'B1112', 1, 'BM201213014', 1, 'KARYAWAN', 'CASEMIX'),
('BK230216005', '18998866608586', 1, 'BM201228003', 1, 'KARYAWAN', 'CASEMIX'),
('BK230216006', 'B1112', 1, 'BM201213014', 1, 'KARYAWAN', 'CASEMIX'),
('BK230217001', '3572460010006', 2, 'BM201017011', 1, 'KARYAWAN', 'CASEMIX'),
('BK230217001', '8999002671573', 2, 'BM201228003', 1, 'KARYAWAN', 'CASEMIX'),
('BK230219001', '(90)NA18190705136(91)220223', 1, 'BM230217001', 1, 'KARYAWAN', 'CASEMIX'),
('BK230312001', '(90)NA18190705136(91)220223', 1, 'BM230217001', 1, 'KARYAWAN', 'CASEMIX'),
('BK230326001', '8885007020327', 1, 'BM201213010', 1, 'KARYAWAN', 'CASEMIX'),
('BK230326001', '8885007020327', 2, 'BM230326012', 1, 'KARYAWAN', 'CASEMIX'),
('BK230329002', '18998866608586', 1, 'BM230326006', 1, 'AGUS', 'LAPANGAN');

-- --------------------------------------------------------

--
-- Struktur dari tabel `detail_barang_masuk`
--

CREATE TABLE `detail_barang_masuk` (
  `id_masuk` varchar(11) NOT NULL,
  `kobar` varchar(50) NOT NULL,
  `qty` int(11) NOT NULL,
  `sisa` int(11) NOT NULL,
  `harga` int(11) NOT NULL,
  `exp` date NOT NULL
) ENGINE=InnoDB DEFAULT CHARSET=latin1;

--
-- Dumping data untuk tabel `detail_barang_masuk`
--

INSERT INTO `detail_barang_masuk` (`id_masuk`, `kobar`, `qty`, `sisa`, `harga`, `exp`) VALUES
('BM200425001', '4902430563864', 5, 0, 1000, '0000-00-00'),
('BM200425002', '4902430563864', 6, 0, 2000, '0000-00-00'),
('BM200425003', '8992946521836', 10, 0, 4000, '0000-00-00'),
('BM200425004', '8992946521836', 4, 0, 4000, '0000-00-00'),
('BM200501001', '8992946521836', 5, 0, 4000, '0000-00-00'),
('BM200501002', '4902430563864', 5, 0, 2000, '0000-00-00'),
('BM200517001', '18901057510025', 20, 0, 2000, '0000-00-00'),
('BM200518001', '8992946521836', 21, 0, 4000, '0000-00-00'),
('BM200519001', '4902430563864', 5, 0, 2000, '0000-00-00'),
('BM200519002', '4902430563864', 20, 0, 2000, '0000-00-00'),
('BM200519003', '18901057510025', 5, 0, 2000, '0000-00-00'),
('BM200519004', '18901057510025', 5, 0, 2000, '0000-00-00'),
('BM200519005', '4902430563864', 5, 0, 2000, '0000-00-00'),
('BM200519006', '18901057510025', 10, 0, 2000, '0000-00-00'),
('BM200519007', '18901057510025', 5, 2, 2000, '0000-00-00'),
('BM200519007', '4902430563864', 6, 0, 2000, '0000-00-00'),
('BM200623001', '8996001600269', 25, 0, 25000, '0000-00-00'),
('BM200810001', '3572460010006', 15, 0, 5000, '0000-00-00'),
('BM200810002', '3572460010006', 10, 0, 5000, '0000-00-00'),
('BM200811001', '8886022991517', 5, 0, 5000, '0000-00-00'),
('BM200811002', '8886022991517', 4, 0, 5000, '0000-00-00'),
('BM200811003', '8886022991517', 4, 0, 5000, '0000-00-00'),
('BM200823001', '8886022991517', 50, 0, 5000, '0000-00-00'),
('BM200823002', '4902430563864', 15, 0, 2000, '0000-00-00'),
('BM201017001', '8886022991517', 10, 5, 5000, '0000-00-00'),
('BM201017002', '8996001600269', 40, 4, 25000, '0000-00-00'),
('BM201017003', '3572460010006', 5, 0, 5000, '0000-00-00'),
('BM201017004', '4902430563864', 12, 11, 2000, '0000-00-00'),
('BM201017005', '3572460010006', 6, 0, 5000, '0000-00-00'),
('BM201017006', '3572460010006', 3, 0, 5000, '2020-10-15'),
('BM201017007', '8992946521836', 2, 2, 4000, '2020-10-19'),
('BM201017008', '3572460010006', 2, 0, 5000, '2020-10-15'),
('BM201017009', '3572460010006', 4, 0, 5000, '2020-11-26'),
('BM201017010', '8992946521836', 3, 3, 4000, '2020-10-20'),
('BM201017011', '3572460010006', 58, 56, 5000, '2020-10-11'),
('BM201017012', '3572460010006', 1, 1, 5000, '2020-10-14'),
('BM201019001', '8886022991517', 5, 5, 5000, '2020-11-19'),
('BM201103001', '8998838061022', 12, 12, 6000, '0000-00-00'),
('BM201212001', '4970129760016', 2, 0, 2500, '0000-00-00'),
('BM201212002', '4970129760016', 4, 3, 2500, '0000-00-00'),
('BM201213001', '8948575673927', 18, 18, 1500, '0000-00-00'),
('BM201213002', '8998000501424', 8, 8, 1500, '0000-00-00'),
('BM201213003', '6935840913460', 9, 9, 10000, '0000-00-00'),
('BM201213004', '8993988286028', 9, 9, 1500, '0000-00-00'),
('BM201213005', '4970129726012', 9, 9, 7000, '0000-00-00'),
('BM201213006', '4970129727019', 15, 15, 8000, '0000-00-00'),
('BM201213007', '8991389241585', 4, 4, 18000, '0000-00-00'),
('BM201213008', '8995757011343', 2, 2, 12000, '0000-00-00'),
('BM201213009', '8991389241592', 1, 1, 12000, '0000-00-00'),
('BM201213010', '8991389248034', 8, 8, 3000, '0000-00-00'),
('BM201213010', '8991389247013', 1, 1, 25000, '0000-00-00'),
('BM201213010', '8993988111078', 10, 10, 3000, '0000-00-00'),
('BM201213010', '8997222910021', 1, 1, 5000, '0000-00-00'),
('BM201213010', '8994160002191', 21, 21, 2800, '0000-00-00'),
('BM201213010', '8998838061022', 3, 3, 6000, '0000-00-00'),
('BM201213010', '8993988060062', 4, 4, 16000, '0000-00-00'),
('BM201213010', '8991948403423', 1, 1, 95000, '0000-00-00'),
('BM201213010', '8997031730094', 1, 1, 50000, '0000-00-00'),
('BM201213010', '8997031730025', 1, 1, 45000, '0000-00-00'),
('BM201213010', '48991389138715', 1, 1, 45000, '0000-00-00'),
('BM201213010', '8993053187960', 1, 1, 40000, '0000-00-00'),
('BM201213010', '8994742551109', 6, 6, 20000, '0000-00-00'),
('BM201213010', '8997019301070', 4, 4, 20000, '0000-00-00'),
('BM201213010', '8997221490142', 20, 20, 1300, '0000-00-00'),
('BM201213010', '8994259214061', 2, 2, 30000, '0000-00-00'),
('BM201213010', '8993988065258', 38, 38, 4000, '0000-00-00'),
('BM201213010', '8993988065050', 12, 12, 4500, '0000-00-00'),
('BM201213010', '8993988065098', 11, 11, 9000, '0000-00-00'),
('BM201213010', '8993988065111', 4, 4, 12000, '0000-00-00'),
('BM201213010', '8993988065128', 3, 3, 20000, '0000-00-00'),
('BM201213010', '8885007024080', 2, 2, 85000, '0000-00-00'),
('BM201213010', '8885007028422', 2, 2, 85000, '0000-00-00'),
('BM201213010', '8885007024110', 1, 1, 85000, '0000-00-00'),
('BM201213010', '8885007024103', 1, 1, 85000, '0000-00-00'),
('BM201213010', '8885007028460', 1, 1, 85000, '0000-00-00'),
('BM201213010', '8885007024097', 2, 2, 85000, '0000-00-00'),
('BM201213010', '8885007028446', 2, 2, 85000, '0000-00-00'),
('BM201213010', '8994292112843', 2, 2, 7000, '0000-00-00'),
('BM201213010', '4902870729233', 1, 1, 90000, '0000-00-00'),
('BM201213010', '14902870775701', 4, 4, 16500, '0000-00-00'),
('BM201213010', '8995106307691', 1, 1, 18000, '0000-00-00'),
('BM201213010', '8993988150077', 4, 4, 12000, '0000-00-00'),
('BM201213010', '8993988355601', 3, 3, 12000, '0000-00-00'),
('BM201213010', '28486534', 7, 7, 14000, '0000-00-00'),
('BM201213010', '18992238522074', 10, 10, 35000, '0000-00-00'),
('BM201213010', '8885007020341', 1, 1, 145000, '0000-00-00'),
('BM201213010', '8885007020327', 1, 0, 145000, '0000-00-00'),
('BM201213010', '8885007020334', 1, 1, 145000, '0000-00-00'),
('BM201213010', '8885007020358', 1, 1, 145000, '0000-00-00'),
('BM201213010', '8885007020365', 1, 1, 145000, '0000-00-00'),
('BM201213013', 'B1112', 7, 0, 5000, '0000-00-00'),
('BM201213014', 'B1112', 7, 1, 5000, '0000-00-00'),
('BM201213014', 'B1111', 5, 5, 5000, '0000-00-00'),
('BM201213015', 'B1112', 5, 0, 5000, '0000-00-00'),
('BM201228001', '3303430300250', 6, 6, 490000, '0000-00-00'),
('BM201228002', '3303430300496', 6, 6, 450000, '0000-00-00'),
('BM201228005', '4895180761867', 12, 0, 15000, '0000-00-00'),
('BM201228006', '4895180761867', 12, 9, 15000, '0000-00-00'),
('BM201228007', 'B1112', 15, 15, 5000, '0000-00-00'),
('BM230217001', '(90)NA18190705136(91)220223', 30, 28, 1, '2024-02-24'),
('BM230217001', '8885007020334', 10, 10, 145000, '2025-02-24'),
('BM230325001', 'P1010232301', 10, 10, 100000, '2024-04-17'),
('BM230326001', '8888021700077', 30, 30, 5000, '2024-03-26'),
('BM230326001', '8999002524916', 40, 40, 6000, '2024-03-26'),
('BM230326001', '8886022941512', 30, 30, 5000, '2024-03-26'),
('BM230326001', '8999002671573', 40, 40, 8000, '2024-03-26'),
('BM230326001', '8999002671726', 50, 50, 10000, '2024-03-26'),
('BM230326001', '8887549059636', 20, 20, 15000, '2024-03-01'),
('BM230326001', 'PC2020123402', 50, 50, 120000, '2024-03-29'),
('BM230326001', 'P1023122307', 50, 50, 100000, '2024-03-03'),
('BM230326001', 'P1023122304', 40, 40, 90000, '2024-03-05'),
('BM230326001', 'PC2020123404', 50, 50, 100000, '2024-03-29'),
('BM230326002', '8998899013077', 15, 15, 10000, '2024-03-26'),
('BM230326002', '8992745730217', 25, 25, 20000, '2024-03-26'),
('BM230326002', 'P1019122351', 20, 20, 140000, '2024-03-26'),
('BM230326002', '6945082403261', 20, 20, 20000, '2024-03-26'),
('BM230326002', 'P1023122308', 30, 30, 100000, '2024-03-30'),
('BM230326002', 'P1023122301', 25, 25, 110000, '2024-03-30'),
('BM230326002', '3014260316297', 10, 10, 3000, '2024-03-30'),
('BM230326002', 'P1010232302', 20, 20, 100000, '2024-03-29'),
('BM230326003', 'P1019992301', 40, 40, 10000, '2024-03-26'),
('BM230326003', '59443124', 5, 5, 55000, '2024-03-14'),
('BM230326003', '4012801078153', 10, 10, 50000, '2024-03-16'),
('BM230326003', '9557704328035', 10, 10, 40000, '2024-03-13'),
('BM230326004', 'P1023122309', 3, 3, 100000, '2024-04-08'),
('BM230326004', 'P1023122305', 3, 3, 100000, '2024-05-08'),
('BM230326004', '8885007028484', 3, 3, 70000, '2024-06-07'),
('BM230326004', '8994259210780', 3, 3, 5000, '2024-05-28'),
('BM230326004', '8998838080269', 5, 5, 10000, '2024-04-30'),
('BM230326004', '14902870762138', 10, 10, 5000, '2024-04-02'),
('BM230326004', '14902870762176', 10, 10, 4000, '2024-04-04'),
('BM230326005', '8993988065128', 20, 20, 20000, '2024-02-27'),
('BM230326005', 'P1023122309', 20, 20, 100000, '2024-02-29'),
('BM230326005', '4970129760016', 20, 20, 2500, '2024-02-29'),
('BM230326005', '18901057510025', 10, 10, 2000, '2024-02-28'),
('BM230326006', '18998866608586', 10, 9, 5000, '2024-03-28'),
('BM230326006', '2005083051053', 10, 10, 10000, '2024-03-28'),
('BM230326006', '8718699678111', 10, 10, 20000, '2024-04-05'),
('BM230326006', '8710163308852', 10, 10, 40000, '2024-04-05'),
('BM230326006', '8710163308883', 11, 11, 45000, '2024-03-31'),
('BM230326006', '8718699640538', 14, 14, 60000, '2024-04-05'),
('BM230326006', '8718696599983', 8, 8, 65000, '2024-04-17'),
('BM230326007', '8885007028446', 10, 10, 85000, '2024-04-06'),
('BM230326007', '8885007024097', 15, 15, 85000, '2024-04-18'),
('BM230326007', '8885007024080', 15, 15, 85000, '2024-04-16'),
('BM230326007', '8885007028422', 7, 7, 85000, '2024-04-01'),
('BM230326007', '8885007028484', 10, 10, 70000, '2024-04-04'),
('BM230326008', 'P1023122303', 15, 15, 100000, '2024-03-29'),
('BM230326008', 'PC2020123403', 3, 3, 120000, '2024-03-07'),
('BM230326008', 'P1023122306', 10, 10, 100000, '2024-03-06'),
('BM230326008', 'PC2020123401', 26, 26, 140000, '2024-03-07'),
('BM230326008', '8992745230267', 10, 10, 12000, '2024-03-06'),
('BM230326008', '0220103482932', 10, 10, 2000, '2024-03-06'),
('BM230326008', '8994259910123', 12, 12, 5000, '2024-03-06'),
('BM230326008', '9994422995864', 12, 12, 8000, '2024-03-30'),
('BM230326009', '8994292112843', 8, 8, 7000, '2024-03-11'),
('BM230326009', '8994259210780', 5, 5, 5000, '2024-03-11'),
('BM230326009', '8993988355601', 10, 10, 12000, '2024-03-14'),
('BM230326009', 'P1023122302', 20, 20, 100000, '2024-03-14'),
('BM230326009', '8993417229718', 16, 16, 4000, '2024-03-23'),
('BM230326009', 'PC2000123399', 17, 17, 150000, '2024-03-23'),
('BM230326009', '8991389247013', 11, 11, 25000, '2024-03-20'),
('BM230326009', '8991389241592', 7, 7, 12000, '2024-03-20'),
('BM230326010', 'P1010992301', 10, 10, 90000, '2024-03-29'),
('BM230326010', '18901057523131', 10, 10, 15000, '2024-03-21'),
('BM230326010', '4902870729233', 19, 19, 90000, '2024-03-21'),
('BM230326010', '8993053187960', 15, 15, 40000, '2024-03-21'),
('BM230326011', 'P1023122305', 10, 10, 100000, '2024-03-24'),
('BM230326011', 'PC2020123403', 9, 9, 120000, '2024-03-09'),
('BM230326011', '48991389138715', 9, 9, 45000, '2024-03-15'),
('BM230326011', '8997031730025', 8, 8, 45000, '2024-03-14'),
('BM230326011', '8997031730094', 10, 10, 50000, '2024-03-15'),
('BM230326012', '8885007020327', 18, 16, 145000, '2024-03-11'),
('BM230326012', '8885007024110', 6, 6, 85000, '2024-03-11'),
('BM230326012', '8885007020341', 9, 9, 145000, '2024-03-12'),
('BM230326012', '8995106307691', 18, 18, 18000, '2024-03-27'),
('BM230326013', '8994259214061', 5, 5, 30000, '2024-03-23'),
('BM230326013', '8995757011343', 9, 9, 12000, '2024-03-22'),
('BM230326013', '8885007024103', 11, 11, 85000, '2024-03-16'),
('BM230326013', '8885007028460', 17, 17, 85000, '2024-04-04'),
('BM230326013', '8885007020365', 14, 14, 145000, '2024-04-02'),
('BM230326014', '8997222910021', 9, 9, 5000, '2023-09-01'),
('BM230326015', '8991948403423', 10, 10, 95000, '2024-03-23'),
('BM230326015', '8885007020358', 8, 8, 145000, '2024-03-23'),
('BM230329001', '(90)NA18190705136(91)220223', 1, 1, 1, '2023-04-01');

-- --------------------------------------------------------

--
-- Struktur dari tabel `tbl_user`
--

CREATE TABLE `tbl_user` (
  `id` int(11) NOT NULL,
  `name` varchar(255) NOT NULL,
  `username` varchar(225) NOT NULL,
  `password` varchar(225) NOT NULL,
  `level` enum('admin','karyawan','karu') NOT NULL
) ENGINE=InnoDB DEFAULT CHARSET=latin1;

--
-- Dumping data untuk tabel `tbl_user`
--

INSERT INTO `tbl_user` (`id`, `name`, `username`, `password`, `level`) VALUES
(1, 'Admin', 'admin', '21232f297a57a5a743894a0e4a801fc3', 'admin'),
(2, 'Agus Eko', 'kepalaruangan', '3bce44d59838f6df1f28a7547edf2036', 'karu'),
(3, 'Pandu', 'karyawan', '9e014682c94e0f2cc834bf7348bda428', 'karyawan'),
(4, 'Alfarabi Ahmad', 'alfarabi', 'a317929cad298386b1ec0d5b818ca4b1', 'admin');

--
-- Indexes for dumped tables
--

--
-- Indexes for table `barang`
--
ALTER TABLE `barang`
  ADD PRIMARY KEY (`kobar`);

--
-- Indexes for table `barang_keluar`
--
ALTER TABLE `barang_keluar`
  ADD PRIMARY KEY (`id_keluar`);

--
-- Indexes for table `barang_masuk`
--
ALTER TABLE `barang_masuk`
  ADD PRIMARY KEY (`id_masuk`);

--
-- Indexes for table `tbl_user`
--
ALTER TABLE `tbl_user`
  ADD PRIMARY KEY (`id`);

--
-- AUTO_INCREMENT for dumped tables
--

--
-- AUTO_INCREMENT for table `tbl_user`
--
ALTER TABLE `tbl_user`
  MODIFY `id` int(11) NOT NULL AUTO_INCREMENT, AUTO_INCREMENT=5;
/*!40101 SET CHARACTER_SET_CLIENT=@OLD_CHARACTER_SET_CLIENT */;
/*!40101 SET CHARACTER_SET_RESULTS=@OLD_CHARACTER_SET_RESULTS */;
/*!40101 SET COLLATION_CONNECTION=@OLD_COLLATION_CONNECTION */;
